{
  "H4/sto-3g": {
    "system": "H4",
    "basis": "sto-3g",
    "fci": -2.102608483240786,
    "ref": -1.5198126990831238,
    "cas_g": -2.102608483240787,
    "cas_exc": [
      0.0,
      4.057003288711514,
      8.013921891131417,
      9.455961417615335,
      12.773666112585685,
      13.219266599410664,
      15.858681185247638,
      18.441531783775435,
      18.60748967925675,
      21.564166278179542,
      22.3550333900534,
      22.53621632907997,
      24.624320413481655,
      24.788125929363996,
      25.906879363869326,
      28.096027962346472,
      29.27161829455844,
      30.747873091220306,
      30.882217685642182,
      31.76801375775609,
      33.936372267026236,
      35.20173931856643,
      35.692793228796894,
      36.94904664109403,
      38.57196422172938,
      38.87183110683077,
      39.34797931116388,
      40.54213756583993,
      44.15496359276208,
      46.42980822459686,
      48.0487489409862,
      50.015807279304575,
      51.00304868808573,
      56.76913216820897,
      61.07413019017453,
      61.47823580764743
    ],
    "en_g": -2.102608483240787,
    "en_exc": [
      0.0,
      4.057003288711514,
      8.013921891131417,
      9.455961417615335,
      12.773666112585685,
      13.219266599410664,
      15.858681185247638,
      18.441531783775435,
      18.60748967925675,
      21.564166278179542,
      22.3550333900534,
      22.53621632907997,
      24.624320413481655,
      24.788125929363996,
      25.906879363869326,
      28.096027962346472,
      29.27161829455844,
      30.747873091220306,
      30.882217685642182,
      31.76801375775609,
      33.936372267026236,
      35.20173931856643,
      35.692793228796894,
      36.94904664109403,
      38.57196422172938,
      38.87183110683077,
      39.34797931116388,
      40.54213756583993,
      44.15496359276208,
      46.42980822459686,
      48.0487489409862,
      50.015807279304575,
      51.00304868808573,
      56.76913216820897,
      61.07413019017453,
      61.47823580764743
    ],
    "dy_g": -2.102608483240787,
    "dy_exc": [
      0.0,
      4.057003288711514,
      8.013921891131417,
      9.455961417615335,
      12.773666112585685,
      13.219266599410664,
      15.858681185247638,
      18.441531783775435,
      18.60748967925675,
      21.564166278179542,
      22.3550333900534,
      22.53621632907997,
      24.624320413481655,
      24.788125929363996,
      25.906879363869326,
      28.096027962346472,
      29.27161829455844,
      30.747873091220306,
      30.882217685642182,
      31.76801375775609,
      33.936372267026236,
      35.20173931856643,
      35.692793228796894,
      36.94904664109403,
      38.57196422172938,
      38.87183110683077,
      39.34797931116388,
      40.54213756583993,
      44.15496359276208,
      46.42980822459686,
      48.0487489409862,
      50.015807279304575,
      51.00304868808573,
      56.76913216820897,
      61.07413019017453,
      61.47823580764743
    ],
    "dk_g": -2.102608483240787,
    "dk_exc": [
      0.0,
      4.057003288711586,
      8.01392189113132,
      9.45596141761543,
      12.773666112585625,
      13.219266599410616,
      15.858681185247615,
      18.44153178377534,
      18.60748967925675,
      21.564166278179506,
      22.355033390053364,
      22.536216329079874,
      24.624320413481705,
      24.78812592936396,
      25.90687936386946,
      28.096027962346426,
      29.27161829455839,
      30.747873091220377,
      30.882217685642182,
      31.76801375775604,
      33.93637226702615,
      35.20173931856635,
      35.692793228796845,
      36.94904664109407,
      38.571964221729345,
      38.871831106830875,
      39.347979311163755,
      40.542137565840015,
      44.154963592761995,
      46.42980822459688,
      48.048748940986215,
      50.015807279304475,
      51.00304868808563,
      56.76913216820899,
      61.074130190174586,
      61.47823580764732
    ]
  },
  "H4/6-31g": {
    "system": "H4",
    "basis": "6-31g",
    "fci": -2.1818608895726825,
    "ref": -1.7060133475511514,
    "cas_g": -2.151743403551018,
    "cas_exc": [
      0.0,
      3.0865038340482847,
      6.2224086317654645,
      7.175847011572529,
      9.75096643506741,
      9.819849836660087,
      12.128932715291718,
      13.706136978510063,
      14.613360761861248,
      16.280664975156604,
      16.813008964910537,
      17.79708327285531,
      18.670404897348657,
      19.175025806574634,
      20.519600149928184,
      21.342375852635964,
      22.424737249871093,
      23.219724155874918,
      23.745417443018745,
      24.660638562085147,
      25.65898757799383,
      27.06696448945539,
      28.4015615553496,
      28.992865597969843,
      29.061310554476442,
      30.04893412218989,
      30.559854779363516,
      31.060270905863263,
      33.41551282650138,
      35.07677194528898,
      37.0879340315638,
      37.94865640397441,
      38.70380263221206,
      43.492245221690986,
      48.03070287593528,
      48.424500381098255
    ],
    "en_g": -2.1875649122421157,
    "en_exc": [
      0.0,
      3.34502132061704,
      6.629732626742943,
      7.5446558951490506,
      8.749780540199867,
      10.384855352061543,
      12.75783287610621,
      13.098590536471873,
      13.235702383973935,
      14.885362295713163,
      16.103764395814245,
      16.702842270503606,
      17.70360656460423,
      18.165108529101797,
      19.664803347948787,
      20.44627096163799,
      21.42156803299034,
      21.562047388229015,
      23.229253731984276,
      23.487653190531642,
      23.839106309593976,
      24.25674360915647,
      26.992555372553,
      27.289743731526173,
      27.650678317793737,
      28.04662795518018,
      28.326950502406515,
      29.481014878708866,
      30.946622975444313,
      33.183043105973695,
      33.891134119258844,
      34.269931826685415,
      35.53147572272157,
      39.39669637792926,
      42.58588717972644,
      44.63134940849642
    ],
    "dy_g": -2.200844601861088,
    "dy_exc": [
      0.0,
      3.4070122519238497,
      6.778285999726797,
      7.728614303865908,
      8.955009911340783,
      10.656837929858625,
      12.989119875724315,
      13.459085570381934,
      13.73131154731736,
      15.60484775419891,
      16.464072611011634,
      17.006715060770357,
      18.11876882847463,
      18.54320817181543,
      20.13909934127311,
      20.893906772746405,
      22.11460944496825,
      22.38964772934874,
      23.68996877638659,
      23.972464637205327,
      24.95612401955362,
      25.653286280567922,
      27.710717515586413,
      28.147110316216718,
      28.6397647346183,
      29.144710760813826,
      29.950607981256884,
      30.269460069336603,
      32.20235048433324,
      34.39933450237882,
      36.50052629659363,
      36.59930698571562,
      36.793963747392006,
      41.93668585529477,
      45.134347183331855,
      46.155527737271036
    ],
    "dk_g": -2.1517434035509924,
    "dk_exc": [
      0.0,
      3.08650383404785,
      6.222408631765102,
      7.175847011571912,
      9.750966435066866,
      9.819849836659495,
      12.128932715290933,
      13.706136978509374,
      14.61336076186068,
      16.280664975155954,
      16.813008964909606,
      17.79708327285468,
      18.67040489734764,
      19.17502580657363,
      20.519600149927314,
      21.342375852634927,
      22.42473724986998,
      23.21972415587353,
      23.745417443017814,
      24.660638562084408,
      25.658987577992452,
      27.066964489454378,
      28.40156155534879,
      28.992865597968912,
      29.061310554475124,
      30.048934122188573,
      30.559854779362343,
      31.06027090586238,
      33.41551282649995,
      35.0767719452875,
      37.0879340315626,
      37.94865640397314,
      38.703802632210454,
      43.49224522168974,
      48.03070287593365,
      48.424500381096856
    ]
  },
  "CBD/sto-3g": {
    "system": "CBD",
    "basis": "sto-3g",
    "fci": null,